S.No.,Name,Time
1,Deepika,4.360107660293579
2,Deepika,9.663295030593872
