S.No.,Name,Time
1,Osama,2.6638026237487793
2,Osama,2.864805221557617
3,Osama,2.9502837657928467
4,Osama,3.0653960704803467
5,Osama,3.123392105102539
6,Osama,3.3004953861236572
7,Osama,3.435997724533081
8,Osama,3.4759061336517334
